time,busId,eventType,value1,value2,detail
1774747407.232,0,gps_spoof_detect,0.000000,6500.000000,src=192.168.3.198
1774747426.229,0,ddos_detect,16.682490,0.000000,rtt=0.0ms
1774747432.333,0,ddos_detect,31.622373,0.000000,rtt=0.0ms
